,Average GPA,Confidence Interval (Lower),Confidence Interval (Upper)
Conformant,8.102686065160368,7.97912591485443,8.226246215466306
Non-Conformant,7.599745417062533,7.536812581793512,7.662678252331554
